COUNTYFP,NAME,G16PREDCLI,G16PRERTRU,G16PRELJOH,G16PREGSTE,G16PREOWRI,G16USSDDUC,G16USSRKIR,G16USSLMCM,G16USSGSUM,G16USSOWRI,G16COMDMEN,G16COMRMUN,G16COMLBAL,G16COMGCUR,NEIGHBORS,NEIGHBOR
"031",MAINE 2,"400","194","8","14","3","381","178","21","9","0","342","187","28","15","MAINE 5,MAINE 78,MAINE 69,NORTHFIELD 1,NORTHFIELD 4,NORTHFIELD 38","MAINE 5 31,MAINE 78 31,MAINE 69 31,NORTHFIELD 1 31,NORTHFIELD 4 31,NORTHFIELD 38 31"
"031",MAINE 5,"647","295","15","7","10","590","307","22","18","1","555","309","16","32","MAINE 78,MAINE 23,MAINE 2,NORTHFIELD 1,NORTHFIELD 4,MAINE 45,MAINE 28,MAINE 92,MAINE 57","MAINE 78 31,MAINE 23 31,MAINE 2 31,NORTHFIELD 1 31,NORTHFIELD 4 31,MAINE 45 31,MAINE 28 31,MAINE 92 31,MAINE 57 31"
"031",MAINE 31,"399","259","19","9","3","359","286","18","9","2","312","308","12","20","MAINE 69,NORTHFIELD 38,MAINE 40,MAINE 74,MAINE 76,NORTHFIELD 21,MAINE 84","MAINE 69 31,NORTHFIELD 38 31,MAINE 40 31,MAINE 74 31,MAINE 76 31,NORTHFIELD 21 31,MAINE 84 31"
"031",MAINE 23,"409","253","21","17","6","374","263","18","26","0","345","276","26","23","MAINE 86,MAINE 5,NORTHFIELD 1,MAINE 92","MAINE 86 31,MAINE 5 31,NORTHFIELD 1 31,MAINE 92 31"
"031",MAINE 44,"256","156","25","5","8","214","214","10","11","0","178","235","14","12","MAINE 52,MAINE 74,MAINE 76,NILES 11,NORTHFIELD 21,NORTHFIELD 24","MAINE 52 31,MAINE 74 31,MAINE 76 31,NILES 11 31,NORTHFIELD 21 31,NORTHFIELD 24 31"
"031",MAINE 69,"406","293","18","12","4","369","305","18","11","1","327","330","15","11","MAINE 78,MAINE 2,NORTHFIELD 4,NORTHFIELD 38,MAINE 31,MAINE 81,MAINE 84","MAINE 78 31,MAINE 2 31,NORTHFIELD 4 31,NORTHFIELD 38 31,MAINE 31 31,MAINE 81 31,MAINE 84 31"
"031",MAINE 74,"336","183","16","6","5","280","235","15","7","0","245","245","16","16","MAINE 44,MAINE 31,MAINE 76,NORTHFIELD 21","MAINE 44 31,MAINE 31 31,MAINE 76 31,NORTHFIELD 21 31"
"031",MAINE 86,"421","145","17","6","0","397","152","13","6","0","355","159","18","17","WHEELING 11,NORTHFIELD 39,NORTHFIELD 33,MAINE 13,MAINE 34,MAINE 3,MAINE 6,MAINE 35,MAINE 9,MAINE 4,MAINE 64,MAINE 23,NORTHFIELD 1,MAINE 70,MAINE 92","WHEELING 11 31,NORTHFIELD 39 31,NORTHFIELD 33 31,MAINE 13 31,MAINE 34 31,MAINE 3 31,MAINE 6 31,MAINE 35 31,MAINE 9 31,MAINE 4 31,MAINE 64 31,MAINE 23 31,NORTHFIELD 1 31,MAINE 70 31,MAINE 92 31"
"031",NEW TRIER 4,"740","161","44","10","29","544","426","5","9","0","463","444","13","22","NEW TRIER 7,NEW TRIER 5,NEW TRIER 1,NEW TRIER 2,NEW TRIER 6,NORTHFIELD 28,NORTHFIELD 8","NEW TRIER 7 31,NEW TRIER 5 31,NEW TRIER 1 31,NEW TRIER 2 31,NEW TRIER 6 31,NORTHFIELD 28 31,NORTHFIELD 8 31"
"031",NEW TRIER 15,"649","292","57","13","23","464","540","25","12","2","374","592","21","23","NEW TRIER 29,NEW TRIER 26,NEW TRIER 28,NEW TRIER 20,NEW TRIER 19,NEW TRIER 39,NEW TRIER 24,NORTHFIELD 6,NORTHFIELD 35","NEW TRIER 29 31,NEW TRIER 26 31,NEW TRIER 28 31,NEW TRIER 20 31,NEW TRIER 19 31,NEW TRIER 39 31,NEW TRIER 24 31,NORTHFIELD 6 31,NORTHFIELD 35 31"
"031",NEW TRIER 1,"836","198","51","7","30","591","514","15","3","0","527","525","12","15","Moraine 223,Moraine 224,NEW TRIER 7,NEW TRIER 5,NEW TRIER 4,NEW TRIER 2,Voting Districts Not Defined,Voting District Not Defined","Moraine 223 97,Moraine 224 97,NEW TRIER 7 31,NEW TRIER 5 31,NEW TRIER 4 31,NEW TRIER 2 31,Voting Districts Not Defined 31,Voting District Not Defined 97"
"031",NEW TRIER 20,"632","330","52","20","22","530","483","30","13","0","440","540","29","20","NEW TRIER 11,NEW TRIER 15,NEW TRIER 41,NEW TRIER 19,NORTHFIELD 35,NORTHFIELD 37,NORTHFIELD 8,NORTHFIELD 9","NEW TRIER 11 31,NEW TRIER 15 31,NEW TRIER 41 31,NEW TRIER 19 31,NORTHFIELD 35 31,NORTHFIELD 37 31,NORTHFIELD 8 31,NORTHFIELD 9 31"
"031",NEW TRIER 2,"909","211","30","8","26","691","471","11","11","1","600","501","23","19","Moraine 223,Moraine 224,NEW TRIER 4,NEW TRIER 1,NORTHFIELD 28,NORTHFIELD 55","Moraine 223 97,Moraine 224 97,NEW TRIER 4 31,NEW TRIER 1 31,NORTHFIELD 28 31,NORTHFIELD 55 31"
"031",NEW TRIER 6,"432","100","19","4","16","305","258","4","5","0","254","279","9","9","NEW TRIER 11,NEW TRIER 7,NEW TRIER 4,NORTHFIELD 8","NEW TRIER 11 31,NEW TRIER 7 31,NEW TRIER 4 31,NORTHFIELD 8 31"
"031",NEW TRIER 11,"550","291","75","12","30","356","594","16","7","0","298","623","24","11","NEW TRIER 20,NEW TRIER 10,NEW TRIER 41,NEW TRIER 12,NEW TRIER 7,NEW TRIER 6,NEW TRIER 8,NORTHFIELD 8","NEW TRIER 20 31,NEW TRIER 10 31,NEW TRIER 41 31,NEW TRIER 12 31,NEW TRIER 7 31,NEW TRIER 6 31,NEW TRIER 8 31,NORTHFIELD 8 31"
"031",NEW TRIER 13,"653","294","45","17","19","568","419","17","17","0","442","491","20","36","NILES 7,NEW TRIER 39,NEW TRIER 24,NEW TRIER 34,NORTHFIELD 6,NILES 3","NILES 7 31,NEW TRIER 39 31,NEW TRIER 24 31,NEW TRIER 34 31,NORTHFIELD 6 31,NILES 3 31"
"031",NEW TRIER 39,"376","143","13","3","5","314","211","10","6","0","263","241","12","8","NEW TRIER 15,NEW TRIER 13,NEW TRIER 24,NORTHFIELD 6,NORTHFIELD 35","NEW TRIER 15 31,NEW TRIER 13 31,NEW TRIER 24 31,NORTHFIELD 6 31,NORTHFIELD 35 31"
"031",NILES 3,"619","391","63","9","28","520","547","29","11","1","414","635","19","19","NILES 11,NILES 7,NILES 62,NEW TRIER 13,NORTHFIELD 19,NORTHFIELD 6,NILES 50,NILES 38,NILES 57,NILES 59","NILES 11 31,NILES 7 31,NILES 62 31,NEW TRIER 13 31,NORTHFIELD 19 31,NORTHFIELD 6 31,NILES 50 31,NILES 38 31,NILES 57 31,NILES 59 31"
"031",NILES 11,"236","122","22","4","10","207","165","12","7","0","165","194","13","9","MAINE 63,MAINE 52,MAINE 44,NORTHFIELD 19,NORTHFIELD 24,NILES 50,NILES 38,NILES 3","MAINE 63 31,MAINE 52 31,MAINE 44 31,NORTHFIELD 19 31,NORTHFIELD 24 31,NILES 50 31,NILES 38 31,NILES 3 31"
"031",NORTHFIELD 13,"388","238","22","10","5","286","351","7","12","0","272","350","11","14","NORTHFIELD 41,NORTHFIELD 43,NORTHFIELD 48,NORTHFIELD 59,NORTHFIELD 61,NORTHFIELD 57","NORTHFIELD 41 31,NORTHFIELD 43 31,NORTHFIELD 48 31,NORTHFIELD 59 31,NORTHFIELD 61 31,NORTHFIELD 57 31"
"031",NORTHFIELD 22,"559","204","22","8","10","421","363","12","6","0","394","359","17","5","NORTHFIELD 3,NORTHFIELD 47,NORTHFIELD 16,NORTHFIELD 32","NORTHFIELD 3 31,NORTHFIELD 47 31,NORTHFIELD 16 31,NORTHFIELD 32 31"
"031",NORTHFIELD 25,"409","222","21","7","8","319","326","13","10","1","288","332","22","13","NORTHFIELD 10,NORTHFIELD 48,NORTHFIELD 57,NORTHFIELD 5,NORTHFIELD 4,NORTHFIELD 38","NORTHFIELD 10 31,NORTHFIELD 48 31,NORTHFIELD 57 31,NORTHFIELD 5 31,NORTHFIELD 4 31,NORTHFIELD 38 31"
"031",NORTHFIELD 35,"422","291","39","7","22","303","446","20","3","2","251","486","10","11","NEW TRIER 20,NEW TRIER 15,NEW TRIER 39,NORTHFIELD 6,NORTHFIELD 12,NORTHFIELD 37,NORTHFIELD 23,NORTHFIELD 31","NEW TRIER 20 31,NEW TRIER 15 31,NEW TRIER 39 31,NORTHFIELD 6 31,NORTHFIELD 12 31,NORTHFIELD 37 31,NORTHFIELD 23 31,NORTHFIELD 31 31"
"031",NORTHFIELD 37,"477","322","46","7","17","379","457","20","6","0","284","529","31","8","NEW TRIER 20,NORTHFIELD 35,NORTHFIELD 9,NORTHFIELD 23","NEW TRIER 20 31,NORTHFIELD 35 31,NORTHFIELD 9 31,NORTHFIELD 23 31"
"031",NORTHFIELD 46,"607","282","74","15","15","475","465","24","9","0","424","490","25","16","NORTHFIELD 29,NORTHFIELD 14,NORTHFIELD 18,NORTHFIELD 2,NORTHFIELD 45,NORTHFIELD 20,NORTHFIELD 8","NORTHFIELD 29 31,NORTHFIELD 14 31,NORTHFIELD 18 31,NORTHFIELD 2 31,NORTHFIELD 45 31,NORTHFIELD 20 31,NORTHFIELD 8 31"
"031",NORTHFIELD 49,"427","139","21","3","8","301","277","8","3","0","270","266","18","5","NORTHFIELD 16,NORTHFIELD 17,NORTHFIELD 32,NORTHFIELD 18,NORTHFIELD 11,NORTHFIELD 36,NORTHFIELD 34","NORTHFIELD 16 31,NORTHFIELD 17 31,NORTHFIELD 32 31,NORTHFIELD 18 31,NORTHFIELD 11 31,NORTHFIELD 36 31,NORTHFIELD 34 31"
"031",NORTHFIELD 56,"522","360","40","18","20","446","471","28","13","0","357","546","31","14","NORTHFIELD 42,NORTHFIELD 23,NORTHFIELD 31,NORTHFIELD 52","NORTHFIELD 42 31,NORTHFIELD 23 31,NORTHFIELD 31 31,NORTHFIELD 52 31"
"031",NORTHFIELD 60,"612","191","19","6","3","501","304","10","9","0","408","371","11","13","NORTHFIELD 17,NORTHFIELD 36,NORTHFIELD 50","NORTHFIELD 17 31,NORTHFIELD 36 31,NORTHFIELD 50 31"
"031",NORTHFIELD 61,"307","229","13","4","7","216","324","9","3","3","181","338","10","4","NORTHFIELD 50,NORTHFIELD 43,NORTHFIELD 27,NORTHFIELD 59,NORTHFIELD 13","NORTHFIELD 50 31,NORTHFIELD 43 31,NORTHFIELD 27 31,NORTHFIELD 59 31,NORTHFIELD 13 31"
"031",NORTHFIELD 62,"500","247","46","9","21","375","430","11","8","0","340","431","18","14","NORTHFIELD 3,NORTHFIELD 32,NORTHFIELD 29,NORTHFIELD 58,NORTHFIELD 2","NORTHFIELD 3 31,NORTHFIELD 32 31,NORTHFIELD 29 31,NORTHFIELD 58 31,NORTHFIELD 2 31"
"031",NORTHFIELD 15,"377","149","29","7","14","315","250","7","4","2","269","273","16","8","NORTHFIELD 58,NORTHFIELD 26,NORTHFIELD 40,NORTHFIELD 45,NORTHFIELD 28","NORTHFIELD 58 31,NORTHFIELD 26 31,NORTHFIELD 40 31,NORTHFIELD 45 31,NORTHFIELD 28 31"
"031",NORTHFIELD 19,"471","242","37","11","20","367","370","19","11","2","283","421","19","18","NILES 11,NORTHFIELD 6,NORTHFIELD 12,NORTHFIELD 24,NORTHFIELD 30,NILES 3","NILES 11 31,NORTHFIELD 6 31,NORTHFIELD 12 31,NORTHFIELD 24 31,NORTHFIELD 30 31,NILES 3 31"
"031",NORTHFIELD 1,"612","314","17","6","8","542","343","15","19","3","476","340","24","31","NORTHFIELD 33,MAINE 86,MAINE 5,MAINE 23,MAINE 2,NORTHFIELD 4","NORTHFIELD 33 31,MAINE 86 31,MAINE 5 31,MAINE 23 31,MAINE 2 31,NORTHFIELD 4 31"
"031",NORTHFIELD 41,"432","182","30","6","14","360","284","7","5","0","308","317","11","8","NORTHFIELD 53,NORTHFIELD 43,NORTHFIELD 51,NORTHFIELD 48,NORTHFIELD 13","NORTHFIELD 53 31,NORTHFIELD 43 31,NORTHFIELD 51 31,NORTHFIELD 48 31,NORTHFIELD 13 31"
"031",NORTHFIELD 51,"1004","573","86","14","38","759","871","35","12","2","631","941","36","21","NORTHFIELD 41,NORTHFIELD 53,NORTHFIELD 44,NORTHFIELD 10,NORTHFIELD 7,NORTHFIELD 48,NORTHFIELD 30,NORTHFIELD 42","NORTHFIELD 41 31,NORTHFIELD 53 31,NORTHFIELD 44 31,NORTHFIELD 10 31,NORTHFIELD 7 31,NORTHFIELD 48 31,NORTHFIELD 30 31,NORTHFIELD 42 31"
"031",NORTHFIELD 2,"442","202","33","13","21","333","364","7","9","1","276","379","19","17","NORTHFIELD 32,NORTHFIELD 62,NORTHFIELD 29,NORTHFIELD 46,NORTHFIELD 18","NORTHFIELD 32 31,NORTHFIELD 62 31,NORTHFIELD 29 31,NORTHFIELD 46 31,NORTHFIELD 18 31"
"031",NORTHFIELD 20,"447","227","21","6","13","353","340","13","9","0","317","364","11","6","NORTHFIELD 14,NORTHFIELD 46,NORTHFIELD 18,NORTHFIELD 53,NORTHFIELD 43,NORTHFIELD 34,NORTHFIELD 8,NORTHFIELD 42,NORTHFIELD 23","NORTHFIELD 14 31,NORTHFIELD 46 31,NORTHFIELD 18 31,NORTHFIELD 53 31,NORTHFIELD 43 31,NORTHFIELD 34 31,NORTHFIELD 8 31,NORTHFIELD 42 31,NORTHFIELD 23 31"
"031",NORTHFIELD 26,"435","184","24","11","9","382","238","13","21","1","322","257","24","27","NORTHFIELD 29,NORTHFIELD 58,NORTHFIELD 40,NORTHFIELD 15,NORTHFIELD 45","NORTHFIELD 29 31,NORTHFIELD 58 31,NORTHFIELD 40 31,NORTHFIELD 15 31,NORTHFIELD 45 31"
"031",NORTHFIELD 3,"344","153","17","4","3","272","220","11","8","0","252","208","11","20","NORTHFIELD 47,NORTHFIELD 54,NORTHFIELD 22,West Deerfield 399,West Deerfield 398,NORTHFIELD 32,West Deerfield 400,NORTHFIELD 62,NORTHFIELD 58","NORTHFIELD 47 31,NORTHFIELD 54 31,NORTHFIELD 22 31,West Deerfield 399 97,West Deerfield 398 97,NORTHFIELD 32 31,West Deerfield 400 97,NORTHFIELD 62 31,NORTHFIELD 58 31"
"031",NORTHFIELD 53,"536","205","9","1","9","404","345","7","2","0","359","354","12","4","NORTHFIELD 41,NORTHFIELD 43,NORTHFIELD 20,NORTHFIELD 51,NORTHFIELD 42","NORTHFIELD 41 31,NORTHFIELD 43 31,NORTHFIELD 20 31,NORTHFIELD 51 31,NORTHFIELD 42 31"
"031",NORTHFIELD 4,"433","270","39","5","12","349","352","20","8","2","278","406","23","18","NORTHFIELD 10,NORTHFIELD 25,NORTHFIELD 33,NORTHFIELD 5,MAINE 5,MAINE 2,MAINE 69,NORTHFIELD 1,NORTHFIELD 38","NORTHFIELD 10 31,NORTHFIELD 25 31,NORTHFIELD 33 31,NORTHFIELD 5 31,MAINE 5 31,MAINE 2 31,MAINE 69 31,NORTHFIELD 1 31,NORTHFIELD 38 31"
"031",NORTHFIELD 44,"359","158","34","5","5","288","256","8","9","0","236","295","16","9","NORTHFIELD 10,NORTHFIELD 51,NORTHFIELD 38,NORTHFIELD 21,NORTHFIELD 30","NORTHFIELD 10 31,NORTHFIELD 51 31,NORTHFIELD 38 31,NORTHFIELD 21 31,NORTHFIELD 30 31"
"031",NORTHFIELD 5,"278","245","26","3","6","250","271","13","11","1","210","286","26","21","NORTHFIELD 25,NORTHFIELD 33,NORTHFIELD 57,NORTHFIELD 4","NORTHFIELD 25 31,NORTHFIELD 33 31,NORTHFIELD 57 31,NORTHFIELD 4 31"
"031",NORTHFIELD 10,"444","194","32","7","7","355","279","15","17","0","297","312","21","11","NORTHFIELD 44,NORTHFIELD 25,NORTHFIELD 51,NORTHFIELD 48,NORTHFIELD 4,NORTHFIELD 38","NORTHFIELD 44 31,NORTHFIELD 25 31,NORTHFIELD 51 31,NORTHFIELD 48 31,NORTHFIELD 4 31,NORTHFIELD 38 31"
"031",NORTHFIELD 6,"405","302","59","3","27","258","523","6","7","0","214","526","14","11","NEW TRIER 15,NEW TRIER 13,NEW TRIER 39,NORTHFIELD 19,NORTHFIELD 12,NILES 3,NORTHFIELD 35","NEW TRIER 15 31,NEW TRIER 13 31,NEW TRIER 39 31,NORTHFIELD 19 31,NORTHFIELD 12 31,NILES 3 31,NORTHFIELD 35 31"
"031",NORTHFIELD 8,"430","320","44","14","13","316","464","18","14","1","246","529","12","16","NORTHFIELD 46,NORTHFIELD 45,NORTHFIELD 20,NEW TRIER 20,NEW TRIER 11,NEW TRIER 4,NEW TRIER 6,NORTHFIELD 28,NORTHFIELD 9,NORTHFIELD 42,NORTHFIELD 23","NORTHFIELD 46 31,NORTHFIELD 45 31,NORTHFIELD 20 31,NEW TRIER 20 31,NEW TRIER 11 31,NEW TRIER 4 31,NEW TRIER 6 31,NORTHFIELD 28 31,NORTHFIELD 9 31,NORTHFIELD 42 31,NORTHFIELD 23 31"
"031",NORTHFIELD 7,"660","302","39","8","20","516","477","22","8","0","408","546","20","12","NORTHFIELD 51,NORTHFIELD 30,NORTHFIELD 42,NORTHFIELD 52","NORTHFIELD 51 31,NORTHFIELD 30 31,NORTHFIELD 42 31,NORTHFIELD 52 31"
"031",NORTHFIELD 27,"490","231","17","10","8","411","273","15","17","3","378","271","19","25","NORTHFIELD 50,WHEELING 29,WHEELING 12,NORTHFIELD 39,WHEELING 77,WHEELING 80,WHEELING 85,NORTHFIELD 59,NORTHFIELD 61,NORTHFIELD 33","NORTHFIELD 50 31,WHEELING 29 31,WHEELING 12 31,NORTHFIELD 39 31,WHEELING 77 31,WHEELING 80 31,WHEELING 85 31,NORTHFIELD 59 31,NORTHFIELD 61 31,NORTHFIELD 33 31"
"031",NORTHFIELD 9,"299","203","38","8","17","205","333","8","12","0","165","353","14","11","NEW TRIER 20,NORTHFIELD 37,NORTHFIELD 8,NORTHFIELD 23","NEW TRIER 20 31,NORTHFIELD 37 31,NORTHFIELD 8 31,NORTHFIELD 23 31"
"031",NORTHFIELD 11,"272","144","11","5","8","213","205","8","4","0","171","223","11","9","NORTHFIELD 18,NORTHFIELD 36,NORTHFIELD 49,NORTHFIELD 50,NORTHFIELD 34","NORTHFIELD 18 31,NORTHFIELD 36 31,NORTHFIELD 49 31,NORTHFIELD 50 31,NORTHFIELD 34 31"
"031",NORTHFIELD 14,"369","196","19","5","12","292","278","9","12","0","243","307","10","14","NORTHFIELD 46,NORTHFIELD 18,NORTHFIELD 20","NORTHFIELD 46 31,NORTHFIELD 18 31,NORTHFIELD 20 31"
"031",NORTHFIELD 18,"672","247","43","11","14","506","447","15","9","2","440","490","16","16","NORTHFIELD 32,NORTHFIELD 14,NORTHFIELD 46,NORTHFIELD 2,NORTHFIELD 11,NORTHFIELD 49,NORTHFIELD 20,NORTHFIELD 34","NORTHFIELD 32 31,NORTHFIELD 14 31,NORTHFIELD 46 31,NORTHFIELD 2 31,NORTHFIELD 11 31,NORTHFIELD 49 31,NORTHFIELD 20 31,NORTHFIELD 34 31"
"031",NORTHFIELD 12,"655","423","63","14","23","506","631","25","19","2","418","690","37","12","NORTHFIELD 19,NORTHFIELD 6,NORTHFIELD 24,NORTHFIELD 30,NORTHFIELD 35,NORTHFIELD 31,NORTHFIELD 52","NORTHFIELD 19 31,NORTHFIELD 6 31,NORTHFIELD 24 31,NORTHFIELD 30 31,NORTHFIELD 35 31,NORTHFIELD 31 31,NORTHFIELD 52 31"
"031",NORTHFIELD 42,"340","260","29","7","15","301","337","11","8","0","232","378","20","10","NORTHFIELD 53,NORTHFIELD 20,NORTHFIELD 51,NORTHFIELD 7,NORTHFIELD 56,NORTHFIELD 8,NORTHFIELD 23,NORTHFIELD 52","NORTHFIELD 53 31,NORTHFIELD 20 31,NORTHFIELD 51 31,NORTHFIELD 7 31,NORTHFIELD 56 31,NORTHFIELD 8 31,NORTHFIELD 23 31,NORTHFIELD 52 31"
"031",NORTHFIELD 16,"578","249","34","6","13","424","429","12","10","0","384","447","15","8","NORTHFIELD 47,NORTHFIELD 54,NORTHFIELD 22,NORTHFIELD 17,NORTHFIELD 32,WHEELING 76,WHEELING 67,NORTHFIELD 49,NORTHFIELD 50","NORTHFIELD 47 31,NORTHFIELD 54 31,NORTHFIELD 22 31,NORTHFIELD 17 31,NORTHFIELD 32 31,WHEELING 76 31,WHEELING 67 31,NORTHFIELD 49 31,NORTHFIELD 50 31"
"031",NORTHFIELD 48,"428","257","34","7","9","325","379","13","9","1","266","408","24","15","NORTHFIELD 41,NORTHFIELD 10,NORTHFIELD 25,NORTHFIELD 51,NORTHFIELD 13,NORTHFIELD 57","NORTHFIELD 41 31,NORTHFIELD 10 31,NORTHFIELD 25 31,NORTHFIELD 51 31,NORTHFIELD 13 31,NORTHFIELD 57 31"
"031",NORTHFIELD 17,"451","180","15","6","11","337","292","9","9","1","307","295","15","10","NORTHFIELD 16,NORTHFIELD 32,NORTHFIELD 36,NORTHFIELD 60,NORTHFIELD 49,NORTHFIELD 50","NORTHFIELD 16 31,NORTHFIELD 32 31,NORTHFIELD 36 31,NORTHFIELD 60 31,NORTHFIELD 49 31,NORTHFIELD 50 31"
"031",NORTHFIELD 43,"551","193","16","1","13","429","319","6","8","1","386","332","12","9","NORTHFIELD 50,NORTHFIELD 41,NORTHFIELD 53,NORTHFIELD 20,NORTHFIELD 34,NORTHFIELD 61,NORTHFIELD 13","NORTHFIELD 50 31,NORTHFIELD 41 31,NORTHFIELD 53 31,NORTHFIELD 20 31,NORTHFIELD 34 31,NORTHFIELD 61 31,NORTHFIELD 13 31"
"031",NORTHFIELD 21,"651","314","49","16","39","514","505","21","17","2","405","584","26","28","NORTHFIELD 44,NORTHFIELD 38,MAINE 44,MAINE 31,MAINE 74,NORTHFIELD 24,NORTHFIELD 30","NORTHFIELD 44 31,NORTHFIELD 38 31,MAINE 44 31,MAINE 31 31,MAINE 74 31,NORTHFIELD 24 31,NORTHFIELD 30 31"
"031",NORTHFIELD 28,"720","330","46","13","27","588","501","24","14","0","508","534","27","23","NORTHFIELD 40,NORTHFIELD 15,NORTHFIELD 45,NEW TRIER 4,NEW TRIER 2,NORTHFIELD 55,NORTHFIELD 8","NORTHFIELD 40 31,NORTHFIELD 15 31,NORTHFIELD 45 31,NEW TRIER 4 31,NEW TRIER 2 31,NORTHFIELD 55 31,NORTHFIELD 8 31"
"031",NORTHFIELD 23,"278","227","37","4","12","186","360","10","5","0","144","393","14","5","NORTHFIELD 20,NORTHFIELD 56,NORTHFIELD 35,NORTHFIELD 37,NORTHFIELD 8,NORTHFIELD 9,NORTHFIELD 42,NORTHFIELD 31","NORTHFIELD 20 31,NORTHFIELD 56 31,NORTHFIELD 35 31,NORTHFIELD 37 31,NORTHFIELD 8 31,NORTHFIELD 9 31,NORTHFIELD 42 31,NORTHFIELD 31 31"
"031",NORTHFIELD 24,"408","222","40","8","16","303","351","16","11","1","255","369","15","18","MAINE 44,NILES 11,NORTHFIELD 21,NORTHFIELD 19,NORTHFIELD 12,NORTHFIELD 30","MAINE 44 31,NILES 11 31,NORTHFIELD 21 31,NORTHFIELD 19 31,NORTHFIELD 12 31,NORTHFIELD 30 31"
"031",NORTHFIELD 55,"515","119","12","3","3","422","210","7","4","1","372","217","16","15","Moraine 223,Moraine 218,Moraine 220,NORTHFIELD 40,NEW TRIER 2,NORTHFIELD 28","Moraine 223 97,Moraine 218 97,Moraine 220 97,NORTHFIELD 40 31,NEW TRIER 2 31,NORTHFIELD 28 31"
"031",NORTHFIELD 29,"413","177","30","7","13","295","329","6","6","0","270","322","12","12","NORTHFIELD 62,NORTHFIELD 58,NORTHFIELD 26,NORTHFIELD 46,NORTHFIELD 2,NORTHFIELD 45","NORTHFIELD 62 31,NORTHFIELD 58 31,NORTHFIELD 26 31,NORTHFIELD 46 31,NORTHFIELD 2 31,NORTHFIELD 45 31"
"031",NORTHFIELD 30,"487","228","51","6","30","372","407","14","6","1","280","466","24","12","NORTHFIELD 44,NORTHFIELD 51,NORTHFIELD 7,NORTHFIELD 21,NORTHFIELD 19,NORTHFIELD 12,NORTHFIELD 24,NORTHFIELD 52","NORTHFIELD 44 31,NORTHFIELD 51 31,NORTHFIELD 7 31,NORTHFIELD 21 31,NORTHFIELD 19 31,NORTHFIELD 12 31,NORTHFIELD 24 31,NORTHFIELD 52 31"
"031",NORTHFIELD 40,"274","193","13","7","7","230","235","10","5","0","200","247","13","9","Moraine 218,NORTHFIELD 58,NORTHFIELD 26,NORTHFIELD 15,West Deerfield 401,NORTHFIELD 28,NORTHFIELD 55","Moraine 218 97,NORTHFIELD 58 31,NORTHFIELD 26 31,NORTHFIELD 15 31,West Deerfield 401 97,NORTHFIELD 28 31,NORTHFIELD 55 31"
"031",NORTHFIELD 31,"493","370","55","10","21","384","522","17","16","3","309","578","21","18","NORTHFIELD 12,NORTHFIELD 56,NORTHFIELD 35,NORTHFIELD 23,NORTHFIELD 52","NORTHFIELD 12 31,NORTHFIELD 56 31,NORTHFIELD 35 31,NORTHFIELD 23 31,NORTHFIELD 52 31"
"031",NORTHFIELD 54,"459","106","9","6","8","357","213","8","4","0","321","230","7","4","Vernon 287,West Deerfield 390,NORTHFIELD 3,NORTHFIELD 47,West Deerfield 399,West Deerfield 398,NORTHFIELD 16,WHEELING 76,WHEELING 67","Vernon 287 97,West Deerfield 390 97,NORTHFIELD 3 31,NORTHFIELD 47 31,West Deerfield 399 97,West Deerfield 398 97,NORTHFIELD 16 31,WHEELING 76 31,WHEELING 67 31"
"031",NORTHFIELD 32,"679","321","39","16","21","542","493","12","13","0","460","534","16","21","NORTHFIELD 3,NORTHFIELD 22,NORTHFIELD 16,NORTHFIELD 17,NORTHFIELD 62,NORTHFIELD 18,NORTHFIELD 2,NORTHFIELD 49","NORTHFIELD 3 31,NORTHFIELD 22 31,NORTHFIELD 16 31,NORTHFIELD 17 31,NORTHFIELD 62 31,NORTHFIELD 18 31,NORTHFIELD 2 31,NORTHFIELD 49 31"
"031",NORTHFIELD 57,"310","177","17","12","2","249","239","8","12","1","217","249","10","23","NORTHFIELD 25,NORTHFIELD 48,NORTHFIELD 59,NORTHFIELD 33,NORTHFIELD 13,NORTHFIELD 5","NORTHFIELD 25 31,NORTHFIELD 48 31,NORTHFIELD 59 31,NORTHFIELD 33 31,NORTHFIELD 13 31,NORTHFIELD 5 31"
"031",NORTHFIELD 33,"309","193","10","5","3","259","222","14","16","0","248","206","13","21","NORTHFIELD 39,NORTHFIELD 27,NORTHFIELD 59,NORTHFIELD 57,NORTHFIELD 5,MAINE 86,NORTHFIELD 1,NORTHFIELD 4","NORTHFIELD 39 31,NORTHFIELD 27 31,NORTHFIELD 59 31,NORTHFIELD 57 31,NORTHFIELD 5 31,MAINE 86 31,NORTHFIELD 1 31,NORTHFIELD 4 31"
"031",NORTHFIELD 50,"565","327","34","12","11","388","510","17","14","1","364","493","19","16","NORTHFIELD 16,NORTHFIELD 17,WHEELING 76,NORTHFIELD 11,NORTHFIELD 36,NORTHFIELD 60,WHEELING 29,NORTHFIELD 43,NORTHFIELD 34,NORTHFIELD 27,WHEELING 77,NORTHFIELD 61","NORTHFIELD 16 31,NORTHFIELD 17 31,WHEELING 76 31,NORTHFIELD 11 31,NORTHFIELD 36 31,NORTHFIELD 60 31,WHEELING 29 31,NORTHFIELD 43 31,NORTHFIELD 34 31,NORTHFIELD 27 31,WHEELING 77 31,NORTHFIELD 61 31"
"031",NORTHFIELD 34,"343","207","32","2","6","257","318","3","4","0","179","355","13","10","NORTHFIELD 18,NORTHFIELD 11,NORTHFIELD 49,NORTHFIELD 50,NORTHFIELD 43,NORTHFIELD 20","NORTHFIELD 18 31,NORTHFIELD 11 31,NORTHFIELD 49 31,NORTHFIELD 50 31,NORTHFIELD 43 31,NORTHFIELD 20 31"
"031",NORTHFIELD 59,"467","231","27","5","9","383","321","14","11","1","348","325","23","14","NORTHFIELD 39,NORTHFIELD 27,NORTHFIELD 61,NORTHFIELD 33,NORTHFIELD 13,NORTHFIELD 57","NORTHFIELD 39 31,NORTHFIELD 27 31,NORTHFIELD 61 31,NORTHFIELD 33 31,NORTHFIELD 13 31,NORTHFIELD 57 31"
"031",NORTHFIELD 36,"332","185","22","5","5","253","262","11","8","0","231","267","6","13","NORTHFIELD 17,NORTHFIELD 11,NORTHFIELD 60,NORTHFIELD 49,NORTHFIELD 50","NORTHFIELD 17 31,NORTHFIELD 11 31,NORTHFIELD 60 31,NORTHFIELD 49 31,NORTHFIELD 50 31"
"031",NORTHFIELD 38,"376","191","30","12","10","310","271","13","10","3","247","303","17","26","NORTHFIELD 44,NORTHFIELD 10,NORTHFIELD 25,MAINE 2,MAINE 69,NORTHFIELD 4,MAINE 31,NORTHFIELD 21","NORTHFIELD 44 31,NORTHFIELD 10 31,NORTHFIELD 25 31,MAINE 2 31,MAINE 69 31,NORTHFIELD 4 31,MAINE 31 31,NORTHFIELD 21 31"
"031",NORTHFIELD 39,"259","164","15","3","3","219","202","7","8","1","197","208","12","11","WHEELING 12,WHEELING 11,NORTHFIELD 27,WHEELING 85,NORTHFIELD 59,NORTHFIELD 33,MAINE 86","WHEELING 12 31,WHEELING 11 31,NORTHFIELD 27 31,WHEELING 85 31,NORTHFIELD 59 31,NORTHFIELD 33 31,MAINE 86 31"
"031",NORTHFIELD 45,"575","262","45","14","19","408","467","22","11","0","371","479","21","10","NORTHFIELD 29,NORTHFIELD 26,NORTHFIELD 15,NORTHFIELD 46,NORTHFIELD 28,NORTHFIELD 8","NORTHFIELD 29 31,NORTHFIELD 26 31,NORTHFIELD 15 31,NORTHFIELD 46 31,NORTHFIELD 28 31,NORTHFIELD 8 31"
"031",NORTHFIELD 58,"247","154","12","4","8","199","215","8","4","1","171","237","4","2","NORTHFIELD 3,West Deerfield 400,NORTHFIELD 62,NORTHFIELD 29,NORTHFIELD 26,NORTHFIELD 40,NORTHFIELD 15,West Deerfield 401","NORTHFIELD 3 31,West Deerfield 400 97,NORTHFIELD 62 31,NORTHFIELD 29 31,NORTHFIELD 26 31,NORTHFIELD 40 31,NORTHFIELD 15 31,West Deerfield 401 97"
"031",NORTHFIELD 47,"669","249","31","4","12","548","404","6","8","0","459","456","14","7","NORTHFIELD 3,NORTHFIELD 54,NORTHFIELD 22,NORTHFIELD 16","NORTHFIELD 3 31,NORTHFIELD 54 31,NORTHFIELD 22 31,NORTHFIELD 16 31"
"031",NORTHFIELD 52,"419","196","30","9","17","341","306","7","7","3","245","378","12","12","NORTHFIELD 7,NORTHFIELD 12,NORTHFIELD 30,NORTHFIELD 56,NORTHFIELD 42,NORTHFIELD 31","NORTHFIELD 7 31,NORTHFIELD 12 31,NORTHFIELD 30 31,NORTHFIELD 56 31,NORTHFIELD 42 31,NORTHFIELD 31 31"
"031",WHEELING 11,"560","380","32","13","9","493","443","29","17","1","413","486","29","29","WHEELING 65,WHEELING 42,WHEELING 56,NORTHFIELD 39,WHEELING 85,MAINE 86,MAINE 64,MAINE 77","WHEELING 65 31,WHEELING 42 31,WHEELING 56 31,NORTHFIELD 39 31,WHEELING 85 31,MAINE 86 31,MAINE 64 31,MAINE 77 31"
"031",WHEELING 12,"516","477","47","10","16","461","519","40","17","3","352","588","42","27","WHEELING 43,WHEELING 83,WHEELING 75,WHEELING 16,NORTHFIELD 39,NORTHFIELD 27,WHEELING 77,WHEELING 80,WHEELING 85","WHEELING 43 31,WHEELING 83 31,WHEELING 75 31,WHEELING 16 31,NORTHFIELD 39 31,NORTHFIELD 27 31,WHEELING 77 31,WHEELING 80 31,WHEELING 85 31"
"031",WHEELING 29,"242","154","22","10","6","212","195","11","10","0","186","217","14","7","WHEELING 76,NORTHFIELD 50,WHEELING 47,WHEELING 37,WHEELING 54,WHEELING 43,NORTHFIELD 27,WHEELING 77","WHEELING 76 31,NORTHFIELD 50 31,WHEELING 47 31,WHEELING 37 31,WHEELING 54 31,WHEELING 43 31,NORTHFIELD 27 31,WHEELING 77 31"
"031",WHEELING 67,"293","99","15","3","6","238","166","2","3","2","209","194","2","0","Vernon 286,Vernon 287,West Deerfield 390,NORTHFIELD 54,NORTHFIELD 16,WHEELING 76,WHEELING 1,WHEELING 88","Vernon 286 97,Vernon 287 97,West Deerfield 390 97,NORTHFIELD 54 31,NORTHFIELD 16 31,WHEELING 76 31,WHEELING 1 31,WHEELING 88 31"
"031",WHEELING 76,"606","290","32","22","11","528","328","40","29","0","501","346","42","26","NORTHFIELD 54,NORTHFIELD 16,WHEELING 49,WHEELING 1,WHEELING 67,NORTHFIELD 50,WHEELING 29,WHEELING 37","NORTHFIELD 54 31,NORTHFIELD 16 31,WHEELING 49 31,WHEELING 1 31,WHEELING 67 31,NORTHFIELD 50 31,WHEELING 29 31,WHEELING 37 31"
"031",WHEELING 77,"225","93","7","5","1","199","98","12","14","0","198","101","8","12","NORTHFIELD 50,WHEELING 29,WHEELING 43,WHEELING 12,NORTHFIELD 27,WHEELING 80","NORTHFIELD 50 31,WHEELING 29 31,WHEELING 43 31,WHEELING 12 31,NORTHFIELD 27 31,WHEELING 80 31"
"031",WHEELING 80,"419","230","18","15","8","383","230","23","25","3","358","245","25","25","WHEELING 12,WHEELING 16,NORTHFIELD 27,WHEELING 77","WHEELING 12 31,WHEELING 16 31,NORTHFIELD 27 31,WHEELING 77 31"
"031",WHEELING 85,"332","230","10","8","9","292","268","11","10","1","258","290","19","10","WHEELING 12,WHEELING 75,WHEELING 11,WHEELING 56,NORTHFIELD 39,NORTHFIELD 27","WHEELING 12 31,WHEELING 75 31,WHEELING 11 31,WHEELING 56 31,NORTHFIELD 39 31,NORTHFIELD 27 31"
"097",Moraine 223,"793","110","13","6","26","628","309","10","5","0","587","305","15","12","Moraine 216,Moraine 221,Moraine 224,Moraine 220,Moraine 219,NEW TRIER 1,NEW TRIER 2,NORTHFIELD 55","Moraine 216 97,Moraine 221 97,Moraine 224 97,Moraine 220 97,Moraine 219 97,NEW TRIER 1 31,NEW TRIER 2 31,NORTHFIELD 55 31"
"097",Moraine 224,"551","89","24","6","15","418","256","10","2","1","379","265","13","6","Moraine 223,Moraine 221,Moraine 222,NEW TRIER 1,NEW TRIER 2,Voting Districts Not Defined,Voting District Not Defined","Moraine 223 97,Moraine 221 97,Moraine 222 97,NEW TRIER 1 31,NEW TRIER 2 31,Voting Districts Not Defined 31,Voting District Not Defined 97"
"097",Moraine 220,"632","137","12","3","19","504","284","10","6","0","486","277","15","8","Moraine 223,Moraine 218,Moraine 219,NORTHFIELD 55","Moraine 223 97,Moraine 218 97,Moraine 219 97,NORTHFIELD 55 31"
"097",Moraine 218,"624","101","18","6","13","431","314","7","3","0","406","299","14","5","Moraine 215,Moraine 220,Moraine 219,NORTHFIELD 40,West Deerfield 401,West Deerfield 402,NORTHFIELD 55","Moraine 215 97,Moraine 220 97,Moraine 219 97,NORTHFIELD 40 31,West Deerfield 401 97,West Deerfield 402 97,NORTHFIELD 55 31"
"097",Vernon 287,"553","285","38","14","20","425","454","10","6","2","362","497","13","12","Vernon 281,Vernon 276,Vernon 268,Vernon 286,West Deerfield 390,Vernon 270,NORTHFIELD 54,WHEELING 67","Vernon 281 97,Vernon 276 97,Vernon 268 97,Vernon 286 97,West Deerfield 390 97,Vernon 270 97,NORTHFIELD 54 31,WHEELING 67 31"
"097",West Deerfield 398,"813","189","24","4","14","639","379","11","7","0","582","398","15","13","West Deerfield 391,West Deerfield 394,West Deerfield 390,NORTHFIELD 3,NORTHFIELD 54,West Deerfield 399,West Deerfield 400","West Deerfield 391 97,West Deerfield 394 97,West Deerfield 390 97,NORTHFIELD 3 31,NORTHFIELD 54 31,West Deerfield 399 97,West Deerfield 400 97"
"097",West Deerfield 390,"328","174","30","3","15","241","292","9","3","1","232","289","12","9","Vernon 264,West Deerfield 388,West Deerfield 391,Vernon 287,Vernon 269,Vernon 270,NORTHFIELD 54,West Deerfield 398,WHEELING 67","Vernon 264 97,West Deerfield 388 97,West Deerfield 391 97,Vernon 287 97,Vernon 269 97,Vernon 270 97,NORTHFIELD 54 31,West Deerfield 398 97,WHEELING 67 31"
"097",West Deerfield 399,"930","140","42","10","21","720","413","6","7","0","635","434","22","11","West Deerfield 394,NORTHFIELD 3,NORTHFIELD 54,West Deerfield 398,West Deerfield 400","West Deerfield 394 97,NORTHFIELD 3 31,NORTHFIELD 54 31,West Deerfield 398 97,West Deerfield 400 97"
"097",West Deerfield 400,"756","195","43","13","22","598","404","13","10","1","553","401","29","7","West Deerfield 395,West Deerfield 394,NORTHFIELD 3,West Deerfield 399,West Deerfield 398,NORTHFIELD 58,West Deerfield 401,West Deerfield 402","West Deerfield 395 97,West Deerfield 394 97,NORTHFIELD 3 31,West Deerfield 399 97,West Deerfield 398 97,NORTHFIELD 58 31,West Deerfield 401 97,West Deerfield 402 97"
"097",West Deerfield 401,"602","165","19","6","14","499","284","14","1","0","463","289","14","7","Moraine 218,West Deerfield 400,NORTHFIELD 58,NORTHFIELD 40,West Deerfield 402","Moraine 218 97,West Deerfield 400 97,NORTHFIELD 58 31,NORTHFIELD 40 31,West Deerfield 402 97"
